Month, Total, Profit
1, 642.0, 160.5
2, 227, 56.75
3, 450, 112.5
4, 181, 45.25
5, 266, 66.5
6, 189, 47.25
7, 421, 105.25
08, 72.0, 18.0
8, 101.79999999999998, 25.449999999999996
